{
    "47562": {
        "billing_code_name": "LAPAROSCOPY SURG CHOLECYSTECTOMY",
        "state_data": {
            "AE": 651.43,
            "AK": 5459.285833333333,
            "AL": 1223.7053846153847,
            "AP": 603.5,
            "AR": 1363.4681818181818,
            "AZ": 1734.601451612903,
            "CA": 1366.909929328622,
            "CO": 1787.3743902439026,
            "CT": 1277.1064516129034,
            "DC": 735.34,
            "DE": 3359.92,
            "FL": 2457.0124166666665,
            "GA": 3287.2946875,
            "HI": 756.1935185185184,
            "IA": 5415.505999999999,
            "ID": 2898.3866666666668,
            "IL": 2614.353488372093,
            "IN": 1472.4612499999998,
            "KS": 1315.0896875,
            "KY": 2673.1678947368423,
            "LA": 2729.693333333333,
            "MA": 1555.8051923076923,
            "MD": 988.9121428571427,
            "ME": 2108.5318181818184,
            "MI": 1577.195174129353,
            "MN": 4157.955294117647,
            "MO": 2722.3952083333334,
            "MS": 2661.120869565217,
            "MT": 2117.9966666666664,
            "NC": 2105.423333333333,
            "ND": 1423.1875,
            "NE": 1121.65375,
            "NH": 1083.3357142857144,
            "NJ": 1110.0667647058822,
            "NM": 3463.2606666666666,
            "NV": 984.57875,
            "NY": 2160.34197368421,
            "OH": 2572.3098,
            "OK": 2020.37625,
            "OR": 1607.7063888888888,
            "PA": 3018.79703125,
            "RI": 752.35,
            "SC": 5417.33,
            "SD": 2312.866666666667,
            "TN": 1926.0567391304348,
            "TX": 809.0967235859125,
            "UT": 1398.9833333333333,
            "VA": 3798.156363636364,
            "VT": 919.3,
            "WA": 1725.822156862745,
            "WI": 5501.481315789474,
            "WV": 3182.257,
            "WY": 2528.1566666666668
        },
        "class_data": {
            "institutional": 6042.399982363316,
            "professional": 748.9967416587225
        },
        "arrangement_data": {
            "bundle": 9646.535,
            "capitation": 1716.3636363636363,
            "ffs": 1261.65815312985
        }
    },
    "15777": {
        "billing_code_name": "IMPLNT BIO IMPLNT FOR SOFT TISSUE REINFORCEMENT",
        "state_data": {
            "AE": 213.5,
            "AK": 715.6457142857143,
            "AL": 294.1009523809524,
            "AR": 382.692,
            "AZ": 281.57871794871795,
            "CA": 351.3918487394958,
            "CO": 326.9830769230769,
            "CT": 408.09888888888895,
            "DC": 2483.25,
            "FL": 532.1415999999999,
            "GA": 283.13,
            "HI": 242.24320754716985,
            "IA": 236.53333333333333,
            "ID": 639.6643750000001,
            "IL": 299.38270833333337,
            "IN": 255.71529411764706,
            "KS": 392.45,
            "KY": 250.52166666666668,
            "LA": 311.73449999999997,
            "MA": 549.2125000000001,
            "MD": 297.1335294117647,
            "ME": 361.15,
            "MI": 1614.3490760869565,
            "MN": 374.97749999999996,
            "MO": 248.97125,
            "MS": 256.7075,
            "MT": 446.53,
            "NC": 540.1808695652173,
            "ND": 425.38,
            "NE": 325.0504761904762,
            "NH": 312.07,
            "NJ": 1278.5336842105262,
            "NM": 266.2988888888889,
            "NV": 345.871,
            "NY": 223.275,
            "OH": 407.30368421052634,
            "OK": 212.3063636363636,
            "OR": 427.1813333333333,
            "PA": 245.11384615384617,
            "RI": 234.98000000000002,
            "SC": 844.8328571428572,
            "TN": 214.1875,
            "TX": 182.954453318645,
            "UT": 519.3838461538461,
            "VA": 522.3199999999999,
            "VT": 303.06,
            "WA": 335.17704545454546,
            "WI": 1160.79375
        },
        "class_data": {
            "institutional": 1036.3595786516855,
            "professional": 220.0683776007083
        },
        "arrangement_data": {
            "bundle": 2124.535,
            "capitation": 346.57142857142856,
            "ffs": 278.8361500513875
        }
    },
    "33249": {
        "billing_code_name": "INSJ//RPLCMT PERM DFB W//TRNSVNS LDS 1//DUAL CHMBR",
        "state_data": {
            "AE": 911.05,
            "AK": 3007.5714285714284,
            "AL": 1105.28375,
            "AP": 603.5,
            "AR": 5357.630909090909,
            "AZ": 1223.352972972973,
            "CA": 2049.077939914163,
            "CO": 1443.1916666666666,
            "CT": 7247.183999999999,
            "DC": 1028.4,
            "FL": 2625.990975609756,
            "GA": 1755.0543243243244,
            "HI": 1057.4887272727274,
            "IA": 45167.38166666666,
            "ID": 1547.256,
            "IL": 9421.607272727273,
            "IN": 2454.8139130434784,
            "KS": 1863.8626666666669,
            "KY": 12766.762352941176,
            "LA": 12564.974285714286,
            "MA": 4805.031904761905,
            "MD": 1278.9914285714287,
            "ME": 1563.03,
            "MI": 8163.424756756757,
            "MN": 23598.885555555556,
            "MO": 17157.499130434782,
            "MS": 17559.58222222222,
            "MT": 2701.5433333333335,
            "NC": 4099.74619047619,
            "ND": 1798.46,
            "NE": 1425.9825,
            "NH": 1107.615,
            "NJ": 1742.6117647058823,
            "NM": 13358.357272727271,
            "NV": 1404.286,
            "NY": 9625.41057142857,
            "OH": 1121.856,
            "OK": 1117.4641666666666,
            "OR": 1888.4741379310344,
            "PA": 7419.289666666667,
            "RI": 1039.1266666666668,
            "SC": 48334.06888888889,
            "TN": 3550.8744,
            "TX": 6441.576237712243,
            "UT": 1476.4716666666666,
            "VA": 20198.8975,
            "VT": 1278.9,
            "WA": 3157.741744186046,
            "WI": 9435.3375
        },
        "class_data": {
            "institutional": 29968.827737789205,
            "professional": 1215.6972916666668
        },
        "arrangement_data": {
            "bundle": 5471.535,
            "capitation": 9919.5,
            "ffs": 5863.364289879217
        }
    },
    "77373": {
        "billing_code_name": "STEREOTACTIC BODY RADIATION DELIVERY",
        "state_data": {
            "AK": 3060.3985714285714,
            "AL": 1465.5309523809524,
            "AR": 1809.5638461538463,
            "AZ": 1760.6866666666667,
            "CA": 1972.4949082568808,
            "CO": 1857.8508333333332,
            "CT": 2661.6064285714283,
            "FL": 1508.0727272727272,
            "GA": 1695.0813636363637,
            "HI": 1561.4690566037737,
            "IA": 2998.508333333333,
            "ID": 2193.2664285714286,
            "IL": 2136.315576923077,
            "IN": 1255.525625,
            "KS": 2199.5775,
            "KY": 1693.63,
            "LA": 2210.3744444444446,
            "MA": 2107.6114285714284,
            "MD": 1716.47,
            "ME": 2253.775,
            "MI": 1573.5240192926044,
            "MN": 2713.9916666666663,
            "MO": 3257.361764705882,
            "MS": 1918.3650000000002,
            "MT": 2650.43,
            "NC": 1771.4922222222222,
            "ND": 2767.7,
            "NE": 1863.484,
            "NH": 1320.05,
            "NJ": 1852.61625,
            "NM": 2118.28875,
            "NV": 1670.292,
            "NY": 1721.3921212121213,
            "OH": 1288.820625,
            "OK": 1190.358,
            "OR": 2268.706666666667,
            "PA": 1787.1333333333332,
            "RI": 1365.1533333333334,
            "SC": 5495.604444444445,
            "TN": 1078.16,
            "TX": 1322.7534860883798,
            "UT": 1886.3536363636363,
            "VA": 4109.5525,